,earned,headline,hours,jobs,rate,skills
0,$10k+,Digital and Hand-drawn Illustrator,392,84,$35.00,"['Illustration', 'Portrait Painting', 'Digital Painting', 'Drawing', 'Cover Design']"
1,$90k+,Physician Medical Writer and Consultant,222,76,$125.00,"['Medical Writing', 'Content Writing', 'Scientific Writing', 'Research Papers', 'Copywriting', 'Medical Devices', 'Academic Writing', 'Research', 'Ghostwriting', 'Pharmaceutical Industry']"
2,$20k+,Hotel/Vacation Rental Consultant and Travel Content Creator,587,27,$58.00,"['Hospitality', 'Business Consulting', 'Social Media Management', 'Email Handling', 'Central Reservation Systems', 'Travel Planning', 'Reputation Management', 'Blog Writing', 'Travel Writing', 'Virtual Assistant']"
3,$50k+,Facebook Ads Expert | AdWords Certified | Social Media Expert,831,65,$75.00,"['Facebook Marketing', 'Social Media Management', 'Social Media Marketing', 'Google AdWords', 'Twitter Marketing', 'YouTube Marketing', 'Instagram Marketing', 'Social Media Optimization (SMO)', 'Pay Per Click Advertising']"
4,$40k+,"Data, statistical, and econometric modeling, analysis and writing",566,21,$125.00,"['R', 'Python', 'Scikit-Learn', 'TensorFlow', 'SAS', 'Natural Language Processing', 'SQL', 'Excel VBA', 'Econometrics', 'Writing']"
5,$100k+,Marketing Technology Strategist for Marketo | Hubspot | Salesforce,"1,308",13,$125.00,"['Marketo', 'Salesforce.com', 'HubSpot', 'Marketing Automation', 'B2B Marketing', 'Sales Operations', 'Marketing Strategy', 'Data Analytics', 'Lead Generation', 'Landing Pages']"
6,$6k+,Graphic Designer and Content Marketer,204,22,$30.00,"['Graphic Design', 'Adobe Creative Suite', 'Content Writing', 'Social Media Management', 'Email Marketing', 'HTML', 'CSS', 'Infographics', 'Logo Design', 'Copywriting']"
7,$10k+,"Aspiring Writer, Creator, and Customer Service Guru",904,4,$12.00,"['Creative Writing', 'News Writing Style', 'Voice Talent', 'Copywriting', 'Customer Service', 'Customer Support', 'Social Customer Service', 'Radio Broadcasting']"
8,$5k+,Social Media Marketer,447,4,$20.00,"['Social Media Marketing', 'Social Media Management', 'Public Relations', 'Blog Writing', 'Content Writing', 'Copywriting', 'Creative Writing', 'Brand Consulting']"
9,$30k+,SEO Expert | Rank on Google | Website Optimizations | Keyword Research,401,38,$100.00,"['Digital Marketing', 'Content Strategy', 'Content Marketing', 'Digital Strategy', 'Search Engine Optimization (SEO)', 'Inbound Marketing']"
10,$50k+,UX and Visual Designer,903,81,$87.49,"['User Experience Design', 'Graphic Design', 'Interaction Design', 'User Interface Design', 'Adobe Illustrator', 'Web Design', 'Graphics Programming', 'Illustration']"
11,$40k+,"Data Entry, CS, Amazon Product and Web Researcher & Admin Tasks","15,161",18,$15.00,"['Game Development', 'HTML', 'Administrative Support', 'Amazon Webstore', 'Amazon Web Services', 'Microsoft Excel', 'Microsoft PowerPoint', 'WordPress', 'Microsoft Word', 'Game Testing']"
12,$20k+,Qualified and Available for the right Opportunity,"2,014",56,$10.00,"['Email Handling', 'Microsoft Excel', 'Microsoft Word', 'Social Media Marketing', 'Project Management', 'Email Marketing', 'Customer Service', 'Facebook Marketing', 'Google Docs', 'WordPress']"
13,$70k+,Content Specialist,800,177,$40.00,"['Content Writing', 'Blog Writing', 'Copywriting', 'SEO Keyword Research', 'Press Release Writing', 'Brand Marketing', 'Brand Management', 'Search Engine Marketing (SEM)', 'Pay Per Click', 'Google AdWords']"
14,$60k+,Web and Mobile Designer and Developer,"2,872",77,$40.00,"['Graphic Design', 'Print Design', 'Web Design', 'Adobe Photoshop', 'Adobe Illustrator', 'Adobe Creative Suite', 'Typography', 'HTML', 'CSS', 'PSD to HTML']"
15,$60k+,"High-Level Digital Marketing, SEO, Social Media, Content Management","2,308",11,NA,[]
16,$40k+,"Experienced Researcher, Proofreader, and Data Entry Professional","4,169",7,$16.67,"['Copyediting', 'Internet Research', 'Internet Surveys', 'Copywriting']"
17,$20k+,"Editor: deep content/rewriting, line edit, copy edit, proofreader",710,162,$24.00,"['Copyediting', 'Proofreading']"
18,$100k+,customer service - verification,"9,463",3,$13.33,[]
19,NA,Wright Media,NA,NA,NA,"['Video Editing', 'Graphic Design']"
20,$90k+,Translator/Proofreader,"1,407",67,$25.00,"['Translation', 'Spanish', 'Proofreading', 'Data Entry']"
21,$200k+,Project / Operations Manager,"4,381",26,$85.00,"['Project Management', 'Product Management', 'Agile Software Development', 'Operations Management', 'Recruiting', 'Accounts Payable Management', 'Budgeting & Forecasting', 'Atlassian JIRA', 'Team Building', 'Leadership Development']"
22,$40k+,Proofreader/Editor,"3,591",83,$20.00,"['Proofreading', 'Editing', 'Resume Writing', 'Business Writing', 'Fiction Writing', 'Non-Fiction Writing', 'Technical Editing', 'Book Writing', 'Content Writing', 'Academic Writing']"
23,$70k+,Writer/Researcher,"4,930",57,$15.00,"['Creative Writing', 'Article Writing', 'Internet Research']"
24,$20k+,Professional LAMP Programmer / Web Designer with 23+ Yrs Exp,241,33,$45.00,"['PHP', 'HTML', 'CSS', 'MySQL Administration', 'Perl']"
25,$10k+,Expert technical support with customer service background,"1,319",16,$20.00,"['Customer Service', 'Windows XP Administration', 'Google Docs', 'Comptuer Maintenance', 'eBay Listing/Writing', 'Amazon Webstore', 'Wireless Security']"
26,NA,Animator/ Illustrator,NA,NA,NA,"['Animation', 'Whiteboard Animation']"
27,$100k+,Excel/Access VBA and Macro Developer,"2,512",105,$95.00,"['VBA', 'Microsoft Excel', 'Microsoft Access Administration', 'Visual Basic']"
28,$100k+,"Copywriting, SEO Optimization and Inbound Content Marketing Expert",555,302,$45.00,"['Writing', 'Linguistics', 'Blog Writing', 'Public Relations', 'Marketing Strategy', 'Article Writing', 'Editing', 'Business Writing', 'SEO Writing', 'SEO Keyword Research']"
29,$50k+,"Sr. SQL Server DBA/Developer, Business Intelligence(SSRS,SSIS, SSAS)","1,339",75,$55.00,"['Cluster Computing', 'Disaster Recovery', 'Database Modeling', 'Microsoft SQL SSRS', 'Microsoft SQL CE', 'Performance Tuning', 'Microsoft SQL Server Service Broker', 'IBM DB2 Administration', 'Microsoft SQL SSAS', 'PostgreSQL Administration']"
30,$40k+,"Brand Growth Specialist YouTube Optimization, Video SEO & Social Media","2,814",24,$18.00,"['Accounting', 'Financial Management', 'Microsoft Excel', 'Intuit QuickBooks', 'Customer Support', 'Customer Service', 'Virtual Assistant', 'Technical Support', 'MailChimp', 'WordPress']"
31,$10k+,Social Media & Marketing Expert,655,7,$38.00,"['Adobe Creative Suite', 'Social Media Management', 'Social Media Optimization (SMO)', 'Copywriting', 'Market Research', 'Graphic Design', 'Marketing Strategy', 'Adobe Photoshop', 'Adobe Photoshop Lightroom', 'Content Management']"
32,NA,NA,NA,NA,NA,"['Content Marketing', 'Inbound Marketing', 'SEO Writing', 'Blog Writing', 'Content Writing', 'Adobe Creative Suite', 'Social Media Marketing', 'Graphic Design', 'HubSpot', 'MailChimp']"
33,$10k+,Full stack Node|Express|Hapijs|Meteor|Angular|Angular 4-6|EJS|Mongodb,879,21,$10.00,"['PHP', 'CodeIgniter', 'WordPress', 'PSD to Wordpress', 'Magento', 'PSD to HTML', 'CSS3', 'PSD to XHTML', 'HTML5', 'Moodle']"
34,$60k+,Customer Service Rep,"6,332",6,$12.00,"['Customer Support', 'Customer Service', 'Phone Support', 'Data Entry', 'Transcription']"
35,$90k+,NA,"5,475",4,$16.67,[]
36,$8k+,"Motion Graphics, Photo Editing, Video Editing, and Audio Production",230,18,$40.00,"['Audio Editing', 'Photo Editing', 'Video Editing', 'Audio Production', 'Ableton Live', 'Avid Pro Tools', 'Adobe Photoshop', 'Adobe Photoshop Lightroom', 'Adobe Premiere Pro', 'Final Cut Pro X']"
37,$40k+,"Social Media Daredevil, I get you engaged followers for your business.","2,291",67,$15.00,"['Social Media Marketing', 'Twitter Marketing', 'YouTube Marketing', 'Email Marketing', 'Content Marketing', 'ActiveCampaign', 'MailChimp', 'Facebook Marketing', 'Instagram Marketing', 'Pay Per Click Advertising']"
38,$20k+,Java Engineer,"1,770",10,$45.00,"['Java', 'Spring Framework', 'Hibernate', 'Apache Maven', 'Selenium WebDriver', 'Jenkins', 'Git', 'SQL', 'CSS3', 'JavaScript']"
39,$4k+,Proofreader/editor/writer extraordinaire,464,2,$15.56,"['Adobe Flash', 'Typing', 'Proofreading', 'Editing', 'Copyediting', 'Microsoft Word', 'Computer Skills', 'Email Handling', 'Firefox Plugin Development']"
40,$50k+,"SharePoint, O365 Migration, Intranet, Nintex Workflows Consultant",763,70,$75.00,"['Microsoft SharePoint Development', 'Microsoft SharePoint Administration', 'Active Directory', 'Microsoft SharePoint Designer']"
41,$40k+,Full Stack Azure Asp.Net MVC C# Web Developer,"2,070",25,$50.00,"['ASP.NET MVC', 'C#', 'Microsoft Windows Azure', 'SQL', 'JavaScript', 'Microsoft Visual Studio', 'HTML', 'CSS', 'ASP.NET', 'jQuery']"
42,$30k+,PHP/html Coder,"1,277",100,$60.00,"['Adobe Dreamweaver', 'WordPress', 'Proofreading', 'PSD to HTML', 'Adobe Photoshop', 'English Proofreading', 'CSS', 'X-Cart', 'Drupal']"
43,$80k+,NetSuite Consultant and Solution Developer,869,64,$125.00,"['NetSuite Development', 'NetSuite Administration', 'Enterprise Resource Planning (ERP)', 'CRM', 'Business Analysis', 'HTML', 'JavaScript', 'Ecommerce Platform Development', 'Network Administration', 'SuiteScript']"
44,$40k+,Professional artist and graphic designer,"2,552",101,$22.00,"['CorelDRAW', 'Adobe Photoshop', 'Illustration', 'Editing', 'Web Design', 'Print Layout Design', 'User Interface Design', 'Character Design', 'Digital Painting', 'Game Design']"
45,NA,"CRO expert, Klaviyo email, FB messenger, SMS Text remarketing",NA,NA,NA,"['Usability Testing', 'User Experience Design', 'Brand Consulting', 'Klaviyo', 'Email Marketing', 'Shopify', 'Conversion Rate Optimization', 'Content Strategy', 'Ecommerce Platform Development']"
46,$10k+,Data Scientist,347,1,$50.00,"['Microsoft Excel PowerPivot', 'Microsoft Office', 'Microsoft Excel', 'SAS', 'Microsoft Power BI', 'Microsoft PowerPoint', 'Report Writing', 'English Proofreading', 'Story Editing']"
47,$40k+,Microsoft Excel/Access/VBA Expert,"1,428",91,$36.00,"['Microsoft Access Administration', 'Microsoft Excel', 'VBA', 'SQL', 'Computer-Aided Design', 'SolidWorks', 'Autodesk Inventor', 'Minitab', 'Microsoft Word']"
48,$20k+,Legal Knowledge Engineer and Document Automation Specialist,299,18,$120.00,"['Legal Consulting', 'IT Strategy', 'Management Consulting', 'Information Management', 'Project Management', 'Automation', 'Document Conversion', 'Themis Solutions Clio', 'Legal Writing', 'Excel VBA']"
49,$30k+,"B2B Sales Growth, Marketing and Podcasts",216,38,$62.00,"['Project Management', 'Marketing Strategy', 'Copyediting', 'Sales Management', 'Lead Generation', 'Sales Operations']"
50,$100k+,Marketing Consultant,"4,538",66,$45.00,"['Business Planning', 'Marketing Strategy', 'Marketing Automation', 'Copywriting', 'Project Management', 'InfusionSoft Marketing', 'B2B Marketing']"
51,$90k+,Virtual Assistant Extraordinaire,"9,411",30,$14.00,"['Microsoft Word', 'Microsoft Excel', 'Internet Research', 'Data Entry', 'Microsoft PowerPoint', 'Customer Service', 'Proofreading', 'Blog Writing', 'Email Handling', 'Internet Surveys']"
52,$10k+,"Web design, Site updates, Wordpress, html, and CSS",343,67,$16.88,"['WordPress', 'HTML5', 'CSS', 'Adobe Photoshop', 'Adobe Illustrator', 'JavaScript']"
53,$20k+,Project Manager/Copywriter/Editor/Customer Svc/Research,474,21,$40.00,"['Strategic Planning', 'Article Writing', 'Blog Writing', 'Content Writing', 'SEO Writing', 'Creative Writing', 'English Grammar', 'Project Management', 'Internet Research', 'Customer Service']"
54,$30k+,"Experienced Packaging, Graphic and Exhibit Design",296,76,$60.00,"['Adobe Illustrator', 'Microsoft Word', 'Microsoft PowerPoint', 'Adobe InDesign', 'Adobe After Effects', 'Adobe Dreamweaver', 'Adobe Photoshop', 'Final Cut Pro', 'Logo Design']"
55,$40k+,Seasoned Data and Analytics Consultant,671,37,$90.00,"['Visualization', 'Data Modeling', 'Strategic Planning', 'Microsoft Excel', 'Business Analysis', 'Process Improvement', 'Data Analytics', '""Extract, Transform and Load (ETL)""']"
56,$5k+,Bookkeeper,245,5,$25.00,"['Intuit QuickBooks', 'Payroll Processing', 'Accounts Payable Management', 'Accounts Receivable Management', 'Bank Reconciliation', 'Job Costing', 'Microsoft Excel']"
57,$5k+,Science and Travel Writer,239,4,$25.00,"['Adobe Creative Suite', 'Microsoft PowerPoint', 'Microsoft Excel', 'Environmental Science', 'Biology', 'Environmental Law', 'Travel Planning', 'Quality Control', 'Travel Writing', 'Customer Service']"
58,$50k+,Research/Email Support/Excel-Word/Data Entry/Media Marketing,"6,926",22,$10.00,"['Internet Research', 'Technical Support']"
59,$500k+,FileMaker Developer for the Mac and PC,"15,582",93,$50.00,"['FileMaker', 'Delphi', 'SQL', 'Database Programming', 'Database Management']"
60,$50k+,"Graphic Designer, Coffeeshop Addict","1,243",149,$40.00,"['Adobe Photoshop', 'Adobe Illustrator', 'Adobe InDesign', 'Brochure Design', 'Business Card Design', 'Concept Design', 'Flyer Design', 'Corporate Brand Identity', 'Graphic Design', 'Brand Marketing']"
61,$5k+,"Experienced Data Entry, Scraper, and Web Researcher",351,38,$12.50,"['Microsoft Excel', 'Internet Research', 'Google Docs', 'PDF Conversion', 'Data Entry', 'Lead Generation', 'LinkedIn Recruiting']"
62,$10k+,Project Manager|Business Analyst,642,25,$70.00,"['Project Management', 'Business Analysis', 'Research', 'Data Entry', 'Content Writing', 'Customer Service', 'Data Mining', 'Social Media Management']"
63,$100k+,"Top-quality researcher, editor, course developer",545,138,$74.80,"['Instructional Design', 'Qualitative Research', 'Academic Writing', 'Business Writing', 'Speech Writing', 'Linguistics', 'Editing', 'English Grammar', 'Microsoft Word']"
64,$100k+,Google Analytics Analyst & Troubleshooter,"1,966",242,$79.00,"['Google Analytics', 'Google Tag Manager', 'Internet Marketing', 'Google AdWords', 'Search Engine Optimization (SEO)', 'Pay Per Click Advertising', 'Web Analytics', 'WordPress', 'JavaScript', 'HTML']"
65,$9k+,Technical problem solver,914,3,$20.00,"['System Programming', 'Network Administration']"
66,$60k+,Editor and Proofreader,"1,956",95,$20.00,"['English', 'English Spelling', 'English Grammar', 'Copyediting', 'English Punctuation']"
67,$20k+,Your Detail Oriented Graphic Designer,507,76,$50.00,"['WordPress', 'Web Design', 'Logo Design', 'Print Design', 'Adobe Illustrator', 'Adobe Photoshop', 'Graphic Design', 'Adobe InDesign', 'Corporate Brand Identity', 'Adobe Dreamweaver']"
68,NA,"Voice-Over Actor, Writer, Editor - After Effects/Premiere Pro",NA,NA,NA,"['Adobe Premiere', 'Adobe After Effects', 'Video Editing', 'Animation', 'Adobe Photoshop', 'English', 'Camtasia', 'Voice Over', 'Voice Talent', 'Voice Over American Accent']"
69,$30k+,Freelance Writer,609,83,$30.00,"['Sales', 'Communications', 'Copywriting', 'Article Writing', 'Short Story Writing', 'Blog Writing']"
70,$20k+,YourDataGuru.com,506,11,$50.00,"['MySQL Programming', 'WordPress', 'Bash Shell Scripting', 'Amazon Web Services', 'Unix', 'SugarCRM Development']"
71,$30k+,"Expert web, print & social media designer",394,170,$55.00,"['Adobe Creative Suite', 'Adobe InDesign', 'Adobe Photoshop', 'Adobe Illustrator', 'Mac OSX Administration', 'Keynote', 'Adobe Dreamweaver', 'Adobe Flash', 'Facebook Marketing', 'Art Direction']"
72,$10k+,20 years experience in apparel industry,348,15,$46.67,[]
73,$10k+,Brand and Marketing Strategist | Social Media Manager | Writer,728,17,$30.00,"['Marketing Strategy', 'Brand Management', 'Social Media Marketing', 'Blog Writing', 'Internet Marketing', 'Writing', 'Content Writing', 'WordPress', 'Copywriting', 'Social Media Management']"
74,$30k+,CPA,"1,045",45,$40.00,"['Bookkeeping', 'Tax Preparation', 'Accounting', 'Accounts Payable Management', 'Accounts Receivable Management', 'Analytics', 'Financial Reporting', 'Human Resource Management', 'Inventory Management', 'Payroll Processing']"
75,$9k+,"Expert, Experienced Copy Editor (14+ years)",599,4,$20.00,"['Content Writing', 'Online Writing', 'English Grammar', 'Business Writing', 'Proofreading', 'Editing', 'Social Media Marketing', 'Technical Writing', 'Writing', 'Adobe Photoshop']"
76,$100k+,Educator with extensive writing experience,828,444,$24.44,"['Academic Writing', 'Content Writing', 'English', 'Editing', 'English Punctuation', 'Report Writing', 'Microsoft PowerPoint', 'Microsoft Word']"
77,$90k+,ACES Certified Editor & Proofreader,"4,452",153,$55.00,"['Editing', 'English', 'Proofreading', 'AP Style Writing', 'Research', 'Copyediting', 'Developmental Editing', 'Literature Review', 'Academic Writing', 'Recruiting']"
78,$10k+,Blockchain Engineer,282,3,$150.00,"['JavaScript', 'Go', 'Rust', 'Python', 'Distributed Computing', 'Blockchain Development', 'Cryptography', 'Natural Language Processing', 'Machine Learning', 'Virtual Machine']"
79,$80k+,Full Charge Bookkeeper/Accountant,"3,328",59,$45.00,"['Accounting', 'Bookkeeping', 'Accounts Payable Management', 'Accounts Receivable Management', 'Payroll Processing', 'Intuit QuickBooks', 'Xero', 'Microsoft Excel', 'Microsoft Word']"
80,$10k+,Financial Analyst/Excel Expert,527,45,$34.00,"['Microsoft Excel', 'Blog Writing', 'Microsoft PowerPoint', 'WordPress', 'Microsoft Word', 'Financial Analysis', 'Excel VBA']"
81,$20k+,Graphic Designer,549,202,$50.00,"['Graphic Design', 'Adobe Illustrator', 'Adobe InDesign', 'Photo Editing', 'Adobe Photoshop', 'Web Design', 'Adobe Acrobat', 'Logo Design', 'Microsoft Word', 'Microsoft Excel']"
82,$10k+,Trademark Attorney & Business Consultant,344,16,$275.00,"['Trademark Consulting', 'Intellectual Property Law', 'Legal Consulting', 'Writing', 'Contract Drafting', 'Negotiation', 'Entrepreneurship', 'Legal Writing']"
83,$10k+,Sr Front End Developer with expertise in ReactJS,261,8,$62.50,"['PSD to HTML', 'HTML5', 'CSS3', 'React.js', 'Ionic Framework', 'JavaScript', 'AngularJS', 'Translation English Dutch', 'Redux for JavaScript']"
84,$200k+,Internet Marketing & E-Commerce Expert - Top Rated,"2,981",74,$100.00,"['Internet Marketing', 'Google AdWords', 'Search Engine Optimization (SEO)', 'Search Engine Marketing (SEM)', 'Marketing Strategy', 'Conversion Rate Optimization', 'Project Management', 'Management Skills', 'Content Management', 'Pay Per Click Advertising']"
85,$800+,"photographer,photo editor,graphic/creative designer,data entry operato",NA,NA,$3.33,[]
86,$100k+,PHP / Zend Framework / Codeigniter developer,"6,412",22,$40.00,"['PHP', 'Zend Framework', 'MySQL Administration', 'JavaScript', 'Yii', 'API Development', 'Facebook Development', 'XML', 'SQL', 'Google+ Development']"
87,$100k+,Senior Java/J2EE developer,"2,861",2,$38.89,"['Java', 'J2EE', 'JavaScript', 'JavaServer Faces (JSF)', 'PrimeFaces', 'JBoss', 'Oracle Database', 'Greenplum', 'Subversion', 'Oracle WebLogic']"
88,$30k+,Accomplished Communications and Design Professional,"1,522",12,$25.00,"['Adobe InDesign', 'Adobe Illustrator', 'Adobe Photoshop', 'Microsoft Word', 'Adobe Acrobat', 'Microsoft PowerPoint', 'Microsoft Excel']"
89,$30k+,Bilingual/Native German-English and English-German Translator,"1,467",146,$20.00,"['Translation German English', 'Translation English German', 'English Proofreading', 'Blog Writing', 'Transcription', 'Subtitling', 'Data Entry']"
90,$40k+,"Marketing, Public Relations & Writing Consultant","2,044",33,$45.00,"['Market Research', 'Marketing Strategy', 'Social Media Marketing', 'Public Relations', 'Article Writing', 'Content Writing', 'Blog Writing', 'Business Proposal Writing', 'Customer Service', 'Customer Support']"
91,$40k+,"Zendesk, Ticket, Chat, Phone, Advocate and Leader","3,261",41,$30.00,"['Customer Support', 'Project Management', 'Customer Service', 'Zendesk', 'Chat Support', 'Email Technical Support', 'Social Media Management', 'SaaS', 'Management Consulting', 'Six Sigma']"
92,$30k+,Bookkeeping / Data Entry,"3,010",17,$14.00,"['Accounts Payable Management', 'Bookkeeping', 'Data Entry', 'Internet Research', 'Accounts Receivable Management', 'Microsoft Excel']"
93,$90k+,Executive Administrator / HR / Systems Setup / LinkedIn Recruiting,"1,373",46,$45.00,"['Microsoft Office', 'Project Management', 'Customer Support', 'Financial Reporting', 'Email Handling', 'Administrative Support', 'Google Docs', 'Asana', 'Trello', 'Boolean Search']"
94,$8k+,Project Manager,292,19,$45.00,"['Project Management', 'Calendar Management', 'Bookkeeping', 'Virtual Assistant', 'Recruiting', 'Data Entry', 'Email Marketing', 'Website Development', 'LinkedIn Development']"
95,$60k+,"Accomplished Editor, Writer, and Marketer",256,198,$65.00,"['Copyediting', 'Writing', 'Internet Marketing', 'Editorial Writing', 'Blog Writing', 'Press Release Writing', 'News Writing Style', 'Article Writing', 'Book Writing', 'Media Relations']"
96,$40k+,Marketing Professional with wide variety of skills,"2,240",9,$31.00,"['Google Website Optimizer', 'Amazon Web Services', 'Google Webmaster Central', 'Google Analytics', 'Web Services', 'Internet Marketing', 'Advertising', 'Computer Graphics', 'Microsoft Excel', 'Microsoft PowerPoint']"
97,$10k+,Document Publisher,276,119,$25.00,"['Microsoft Word', 'Microsoft Excel', 'Format & Layout', 'Adobe PDF', 'Data Entry', 'Typing', 'Document Conversion']"
98,$10k+,Writer & Editor,"5,597",1,$13.50,[]
99,$40k+,Marketing Comunications & Event Management,"4,191",12,$16.00,"['Internet Marketing', 'Marketing Strategy', 'Event Planning', 'Event Management', 'Project Management', 'Project Scheduling', 'Administrative Support', 'Internet Research', 'Creative & Talent', 'Writing']"
100,$7k+,"Customer Service, Professional Data Entry and Editor",863,9,$9.00,"['English Grammar', 'English Spelling', 'Technical Support', 'Data Entry', 'Web Research', 'Content Editing', 'Proofreading']"
101,$30k+,"JavaScript(React/Angular/Vue/Node), eCommerce, PHP Developer",478,23,$40.00,"['React Native', 'React.js', 'Redux for JavaScript', 'Vue.js', 'JavaScript', 'Firebase', 'Bootstrap', 'HTML5', 'CSS3', 'PHP']"
102,$5k+,Professional writing for professional results.,390,26,$12.00,[]
103,$30k+,Consultant Art Director,351,106,$39.00,"['Adobe InDesign', 'Adobe Photoshop', 'Adobe Illustrator', 'Microsoft Word', 'Microsoft Excel', 'Quark Xpress', 'Adobe Dreamweaver', 'Adobe Acrobat', 'Instagram Marketing', 'Facebook Marketing']"
104,$9k+,Virtual Personal/Executive Assistant,271,8,$50.00,"['Market Research', 'WordPress', 'Social Media Marketing', 'Virtual Assistant', 'Administrative Support', 'Email Marketing', 'Content Management', 'Google Apps', 'Project Management']"
105,$20k+,Technical SEO Expert and Digital Marketing Consultant,302,46,$69.00,"['Search Engine Optimization (SEO)', 'Content Marketing', 'On-Page Optimization', 'Off-page Optimization', 'Digital Marketing', 'WordPress', 'SEO Audit', 'Marketing Strategy', 'Shopify', 'SEO Keyword Research']"
106,$200k+,"Front End Web Designer, SEO & Ecommerce Expert","4,162",122,$60.50,"['PSD to HTML', 'WordPress', 'BigCommerce', 'Shopify', 'Web Design', 'CSS', 'Woocommerce', 'Ecommerce Platform Development', 'Adobe Photoshop', 'Content Management System']"
107,$8k+,Graphic Designer,289,35,$35.00,"['Adobe InDesign', 'Adobe Illustrator', 'Adobe Photoshop', 'Graphic Design', 'Computer Graphics']"
108,$30k+,Japanese - English Translator & Virtual Assistant,"1,961",9,$20.00,['Translation Japanese English']
109,$50k+,Creative Writer and Editor,825,90,$85.00,"['Academic Writing', 'Article Writing', 'Copyediting', 'Online Writing', 'Proofreading', 'Creative Writing']"
110,NA,Top Rated Project Manager and Virtual Assistant,NA,NA,NA,"['Advertising', 'Brand Consulting', 'MailChimp', 'Public Relations', 'Social Media Marketing', 'Administrative Support', 'Content Moderation', 'Customer Service', 'Event Planning', 'Microsoft Office']"
111,$10k+,Art Director & Graphic Designer,255,9,$90.00,"['Graphic Design', 'Adobe InDesign', 'Adobe Photoshop', 'Adobe Illustrator', 'Adobe Acrobat', 'Photo Retouching', 'Photo Manipulation', 'Logo Design', 'Copywriting', 'Copyediting']"
112,$50k+,Expert Customer Service & Project Manager,"2,531",9,$20.00,"['Microsoft Word', 'Microsoft Excel', 'Microsoft Outlook', 'Sales', 'Customer Service', 'Virtual Assistant']"
113,$5k+,"Writing, Editing, Superior Admin/Customer Support!",283,6,$16.00,"['Writing', 'Editing', 'Content Writing', 'Online Writing', 'Copywriting', 'Administrative Support', 'Resume Writing', 'Report Writing', 'Creative Writing', 'Business Writing']"
114,$90k+,PhD statistician,"1,873",3,$100.00,"['Biostatistics', 'SAS', 'R', 'Predictive Analytics', 'Machine Learning', 'Big Data', 'Genetic Algorithms', 'Stata', 'Statistics']"
115,NA,3D Architectural Rendering Designer,NA,NA,NA,"['3D Rendering', 'SketchUp', '3D Modeling', 'Architectural Rendering', 'Adobe Photoshop Lightroom', 'Adobe Photoshop', 'Interior Design']"
116,$50k+,Freelance Data Entry and Research Professional,"4,033",1,$12.50,"['Research', 'Internet Research', 'Data Entry', 'Microsoft Office', 'OpenOffice', 'Google Docs', 'HTML', 'CSS', 'Wiki', 'Typing']"
117,NA,I am an expert in helping others find their voice.,NA,NA,NA,"['Grant Writing', 'Academic Writing']"
118,$50k+,taking you from concept to bookstore shelves,NA,NA,$35.00,[]
119,$10k+,Expert Writer + Editor,222,32,$30.00,"['Editing', 'SEO Writing', 'Technical Writing', 'Adult Education', 'Copyediting', 'Proofreading', 'English Proofreading', 'Blog Writing', 'Academic Writing', 'Writing']"
120,$20k+,Attorney at Law,201,85,$200.00,"['Contract Drafting', 'Legal Writing', 'Quantitative Analysis', 'Legal Research', 'Blog Writing', 'Data Privacy', 'Business Law']"
121,NA,Professional Business Planning & Consultation Services,NA,NA,NA,"['Accounting', 'Bookkeeping', 'Business Writing', 'Business Planning', 'Business Valuation', 'Ecommerce Platform Development', 'Venture Capital Consulting', 'Startup Consulting', 'Bank Reconciliation', 'Market Research']"
122,$20k+,Expert Fundraiser and Grant Writer,433,67,$65.00,"['Grant Writing', 'Fundraising', 'Copywriting', 'Copyediting', 'Blog Writing', 'Business Proposal Writing', 'Proposal Writing', 'Nonprofit Organization', 'Business Development']"
123,$40k+,"Human Resources, Payroll, Bookkeeping Professional","2,288",32,$45.00,"['Human Resource Management', 'Payroll Processing', 'Financial Accounting', 'Accounting', 'Bookkeeping']"
124,$40k+,"Google Adwords, Shopping & Analytics Certified. Guaranteed Performance",538,29,$125.00,"['Google Analytics', 'Search Engine Optimization (SEO)', 'Internet Marketing', 'Google AdWords', 'Google AdSense']"
125,$20k+,"Creative Marketer, Content Developer, Brand Strategist",260,2,$75.00,[]
126,$80k+,Copywriter and product marketer,"3,173",139,$30.00,"['Blog Writing', 'Creative Writing', 'Press Release Writing', 'Article Writing', 'Copywriting', 'Copyediting', 'Editorial Writing', 'Editing']"
127,$100k+,Customer Care Representative,"11,524",3,$13.33,"['Web Design', 'Java', 'Ruby on Rails', 'CSS', 'HTML']"
128,$7k+,Professional English-Russian Translator,389,21,$22.00,"['Translation', 'Internet Research', 'Proofreading', 'Editing']"
129,$10k+,Logo Design | Sign Design | Graphic Design,216,51,$85.00,"['Adobe Illustrator', 'Adobe Photoshop', 'CorelDRAW', 'Logo Design', 'Graphic Design']"
130,$10k+,Experienced Writer and Administrative Assistant,"1,068",221,$9.98,"['Research', 'Data Entry', 'Reviews', 'WordPress', 'Editing', 'Google Docs', 'Twitter Marketing', 'Facebook Marketing', 'Microsoft Word', 'Microsoft Excel']"
131,$60k+,"Experienced, Professional and Reliable Software Engineer","3,344",35,$16.67,"['JavaScript', 'HTML5', 'CSS3', 'CSS', 'HTML', 'Node.js', 'WordPress', 'Ecommerce Platform Development', 'React.js', 'AngularJS']"
132,$400k+,"Experienced Controller, CFO, CPA, MBA","5,824",434,$50.00,"['Accounting', 'Microsoft Access Administration', 'Microsoft Excel', 'Database Modeling', 'Financial Modeling', 'Microsoft PowerPoint', 'Tax Preparation', 'Tax Law', 'Auditing', 'Bookkeeping']"
133,NA,"Music Technology Specialist: I make apps, patches, sites, controllers",NA,NA,NA,"['JavaScript', 'iOS Development', 'iPhone App Development', 'Audio Design', 'Node.js', 'Music', 'MIDI', 'Arduino', 'Max']"
134,$600k+,AWS Certified Solutions Architect - Cloud,"8,345",30,$140.00,"['Amazon Web Services', 'Microsoft Windows Azure', 'Google Cloud Platform', 'DevOps', 'Terraform', 'Docker', 'Ansible', 'HIPAA', 'PCI Compliance', 'Kubernetes']"
135,$10k+,Instructional Designer,338,16,$45.00,"['Content Writing', 'Copywriting', 'Creative Writing', 'e-Learning', 'Instructional Design', 'Game Design', 'Articulate Storyline', 'Technical Writing', 'Screenwriting', 'Articulate']"
136,$100k+,Top Rated | Virtual CFO | Accounting & Bookkeeping | Quickbooks,"2,447",40,$95.00,"['Intuit QuickBooks', 'Accounting', 'Xero', 'Business Planning', 'Operations Management', 'Business Management', 'Bookkeeping', 'Financial Modeling', 'Financial Forecasting']"
137,$200k+,PR and Marketing Consultant,"2,984",90,$33.33,[]
138,$60k+,Business IT Support - Help Desk Services - IT Managed Services,"3,290",18,$27.00,"['Helpdesk', 'Network Administration', 'Network Security', 'Customer Service', 'Technical Support', 'Microsoft Windows Server', 'Cloud Computing', 'Antispam and Antivirus', 'VOIP Administration', 'Microsoft Office 365']"
139,$20k+,"Senior Web Developer, PHP | Javascript | Cryptocurrency Guru",266,19,$50.00,"['PHP', 'JavaScript', 'React.js', 'AngularJS', 'Node.js', 'HTML5', 'MVC Framework', 'Blockchain Development', 'Database Programming', 'Vue.js']"
140,NA,High-End Presentation/Pitch Deck Specialist - with M.B.A.,NA,NA,NA,"['Presentation Design', 'Presentations', 'Microsoft PowerPoint', 'Keynote', 'Adobe Photoshop', 'Startup Consulting', 'Business Modeling', 'Financial Analysis', 'Business Planning', 'Business Development']"
141,$200k+,"Administrative Assistant, Office Support","9,157",3,$27.78,['Internet Research']
142,$30k+,QA Guy,"1,643",8,$31.25,"['Microsoft Visual Studio', 'Digital Electronics', 'Atlassian JIRA']"
143,$10k+,"Illustrator, Graphic Designer",231,39,$35.00,"['Illustration', 'Logo Design']"
144,$80k+,Professional Designer // Powerpoint & Keynote Creator,"1,526",108,$70.00,"['Microsoft PowerPoint', 'Microsoft Excel', 'Keynote', 'Customer Service', 'Adobe Photoshop', 'Adobe Illustrator', 'Logo Design', 'Graphic Design', 'Presentations']"
145,$10k+,Professional bilingual voice talent and translator,242,57,$125.00,"['Voice Talent', 'Voice Over', 'Translation English Spanish', 'English', 'Online Writing', 'General Office Skills', 'Phone Support']"
146,$100k+,"Search Engine Optimization , Website Design & Development Professional","4,167",73,$33.33,"['SEO Audit', 'Yoast SEO', 'Search Engine Optimization (SEO)', 'WordPress', 'Shopify', 'Marketing Strategy', 'Market Research', 'Social Media Marketing', 'Google AdWords', 'HubSpot']"
147,$20k+,Versatile Technology Professional,583,97,$56.25,"['Microsoft Excel', 'Microsoft Word', 'Adobe Acrobat', 'Google Apps', 'Scripts & Utilities', 'Adobe PDF', 'Data Analytics', 'Geographic Information System (GIS)', 'ArcGIS']"
148,$7k+,Art Director and Graphic Designer,296,34,$45.00,"['Adobe Photoshop', 'Adobe Illustrator', 'Adobe InDesign', 'Logo Design', 'Typography', 'Adobe Premiere Pro', 'Adobe After Effects', 'Business Card Design', 'Marketing Communications', 'Advertising']"
149,$50k+,"Expert Amazon, Ebay, & Ecommerce Management",510,57,$80.00,"['eBay Listing/Writing', 'Adobe Photoshop', 'WordPress', 'Web Design', 'Audio Production', 'Music']"
150,$20k+,"telemarketing , Lead Gen,telesales,appt setting","1,421",30,$25.00,"['Account Management', 'CRM', 'Direct Marketing', 'Freelance Marketing', 'Internet Marketing', 'Sales', 'Social Network Administration', 'Telemarketing', 'Lead Generation', 'Appointment Setting']"
151,$10k+,"Sales, Operations and E Commerce Purchasing Consultant",234,7,$62.50,"['Ecommerce Platform Development', 'Sales Management', 'Business Analysis', 'LinkedIn Recruiting', 'Account Management', 'Merchandising', 'Drop Shipping', 'Sourcing', 'Sales Operations', 'Business Development']"
152,$30k+,UCLA MBA - English-Japanese Translation & Marketing Specialist,752,42,$38.50,"['Translation', 'Japanese', 'English', 'Translation English Japanese', 'Proofreading', 'Localization', 'Marketing Strategy', 'Market Research', 'Internet Marketing', 'Business Development']"
153,$10k+,Experienced Editor and Proofreader,280,55,$35.00,"['Editing', 'Microsoft Word', 'English Proofreading', 'Business Development', 'Writing', 'Proofreading', 'English Grammar', 'English Spelling', 'English Punctuation', 'English']"
154,$7k+,Xero Bookkeeper,313,13,$49.00,"['Bookkeeping', 'Xero', 'Microsoft Excel', 'Mathematics', 'Microsoft Word', 'Google Docs', 'Virtual Assistant']"
155,$10k+,UI/UX Designer | Graphic Designer | Web Designer | Frontend,714,40,$28.00,"['Mobile UI Design', 'User Interface Design', 'Web Design', 'Graphic Design', 'Logo Design', 'Adobe Photoshop', 'Adobe Illustrator', 'Sketch', 'HTML', 'CSS']"
156,$20k+,"ReactJS, Node.js, VueJS Expert",534,3,$50.00,"['JavaScript', 'React.js', 'Node.js', 'Express Js', 'WordPress', 'Redux Saga', 'Redux Thunk', 'Mobx', 'Flux', 'React Native']"
157,$60k+,"Amazon Expert | PPC, Listing Optimization, Seller & Vendor Central",585,70,$70.00,"['Amazon PPC', 'Amazon Webstore', 'Amazon Marketing Service', 'Amazon Listing Optimization', 'Amazon Vendor Central Specialist', 'Amazon Web Services', 'Pay Per Click Advertising', 'Sales Copywriting', 'Product Descriptions', 'Brand Marketing']"
158,$20k+,Excel Consultant/VBA Programmer,335,77,$60.00,"['Excel VBA', 'Microsoft Access Programming', 'SQL', 'Microsoft Excel']"
159,$100k+,"Search/Recruitment, Executive Assessment, Human Capital Consulting","2,092",43,$100.00,"['Organizational Development', 'Leadership Development', 'Counseling Psychology', 'Performance Appraisal', 'Performance Management', 'Employee Engagement', 'Management Consulting', 'Learning Management System (LMS)']"
160,$9k+,NA,NA,NA,$15.00,[]
161,$50k+,UI/UX Designer,"2,277",27,$27.00,"['User Interface Design', 'iPhone UI Design', 'iPad UI Design', 'Web Design', 'CSS3', 'Adobe Illustrator', 'Adobe Photoshop', 'GUI Design', 'Interaction Design']"
162,$100k+,"Executive Assistant, Sales/Marketing, Business Development","3,663",14,$38.00,[]
163,$10k+,Sr Front End Developer with expertise in ReactJS,261,8,$62.50,"['PSD to HTML', 'HTML5', 'CSS3', 'React.js', 'Ionic Framework', 'JavaScript', 'AngularJS', 'Translation English Dutch', 'Redux for JavaScript']"
164,$200k+,Internet Marketing & E-Commerce Expert - Top Rated,"2,981",74,$100.00,"['Internet Marketing', 'Google AdWords', 'Search Engine Optimization (SEO)', 'Search Engine Marketing (SEM)', 'Marketing Strategy', 'Conversion Rate Optimization', 'Project Management', 'Management Skills', 'Content Management', 'Pay Per Click Advertising']"
165,$40k+,"Skilled copy editor, writer, proofreader","1,387",58,$56.25,"['Copyediting', 'Creative Writing', 'Travel Writing', 'News Writing Style', 'Newsletter Writing', 'Proofreading', 'Internet Research', 'Ghostwriting', 'Copywriting']"
166,$30k+,Freelance Paralegal and Legal Support,"1,517",33,$25.00,"['Intuit QuickBooks', 'Paralegal Services', 'Legal Writing', 'Themis Solutions Clio', 'Microsoft Office', 'Invoicing', 'Management Skills', 'Virtual Assistant', 'Executive Assistant', 'Legal Assistance']"
167,$1k+,Administrative Assistant,313,2,$13.33,['Microsoft Word']
168,$8k+,"Recognized Growth Hacker, Data Analyst, and Project Manager",409,56,$40.00,"['Virtual Assistant', 'WordPress', 'Project Management', 'Search Engine Optimization (SEO)', 'Data Analytics', 'Internet Marketing', 'Digital Marketing', 'Marketing Automation', 'Marketing Management', 'Shopify']"
169,$800+,"photographer,photo editor,graphic/creative designer,data entry operato",402,7,$3.33,"['Microsoft Word', 'Photo Editing', 'Adobe Photoshop', 'Photograph Color Correction', 'Photography', 'Photo Manipulation']"
170,$10k+,Webflow specialist | Web design | Web development,298,7,$55.00,"['Webflow', 'Responsive Web Design', 'User Experience Design', 'Usability Testing', 'Invision', 'CMS Development', 'Ecommerce Platform Development', 'Blog Development']"
171,NA,Product Engineering Services,NA,NA,NA,"['Mechanical Engineering', 'Mechatronics', '3D Modeling', 'Product Design', 'Mathematics', 'Technical Writing']"
172,$50k+,"Expert Editor (LaTeX, Word) in Math and Other Technical Areas",459,68,$25.00,"['Technical Editing', 'Technical Writing', 'Mathematics', 'Editing', 'LaTeX', 'English Proofreading', 'Microsoft Word', 'Teaching Mathematics', 'English Tutoring', 'English Grammar']"
173,$70k+,Experienced UX/UI designer,"1,924",14,$55.00,"['Adobe Photoshop', 'Adobe Illustrator', 'User Interface Design', 'User Experience Design', 'Web Design', 'Interaction Design', 'Sketch App', 'HTML', 'CSS']"
174,$100k+,"Graphic Designer, Infographic Specialist","2,543",422,$37.50,"['Infographics', 'Graphic Design', 'Brochure Design', 'Flyer Design', 'Print Design', 'Poster Design', 'Adobe Illustrator', 'Adobe InDesign', 'Adobe Photoshop', 'Translation English Russian']"
175,$90k+,NA,"1,777",6,$55.00,"['Drupal', 'Information Architecture', 'Editing', 'WordPress', 'HTML5', 'CSS', 'HTML', 'PHP']"
176,$80k+,Professional Editor and Proofreader,782,293,$30.00,"['Editing', 'English', 'English Proofreading', 'English Grammar', 'English Punctuation', 'English Spelling']"
177,$30k+,Coldfusion,674,8,$55.00,"['Android', 'HTML5', 'JSON', 'jQuery', 'ColdFusion', 'PhoneGap']"
178,$10k+,"Joomla Expert, Core Upgrade & Migration, Web Design, Logos, Quickbooks",570,20,$29.99,"['Joomla', 'Joomla Migration', 'Web Design', 'Web Hosting', 'Website Analytics', 'Website Development', 'Search Engine Optimization (SEO)', 'Intuit QuickBooks', 'Social Media Marketing', 'Adobe Photoshop']"
179,$60k+,"Editor, writing instructor, award-winning author.",646,143,$50.00,[]
180,NA,Voice Talent,NA,NA,NA,"['Voice Talent', 'Creative Writing', 'GarageBand', 'Audacity', 'Microsoft Word', 'Microsoft Excel']"
181,$40k+,Access Database Developer,"1,745",64,$30.00,"['Microsoft Access Administration', 'SQL', 'VBA', 'Database Programming', 'Database Design', 'Relational Databases', 'Database Modeling']"
182,NA,Market Strategy | Branding | Email Marketing | Automation | PPC,NA,NA,NA,"['Marketing Strategy', 'Content Strategy', 'Google AdWords', 'Startup Consulting', 'Social Media Optimization (SMO)', 'WordPress', 'Copywriting', 'Zapier', 'Google Analytics', 'Landing Pages']"
183,$6k+,Technical and customer support / Community and social management,881,9,$13.00,"['HTML', 'Windows Administration', 'Technical Support', 'Online Community Management', 'WordPress', 'Virtual Private Server (VPS)']"
184,$100k+,Graphic Design/Websites/Photography,"3,010",7,$22.22,"['Adobe Photoshop', 'Adobe Illustrator']"
185,$30k+,Qt and Embedded Systems Software Expert,509,5,$95.00,"['Qt', 'C++', 'C', 'Embedded C', 'Microcontroller Programming']"
186,$3k+,"Layout & DTP Creator (Adobe, Indesign & Publisher), Data Entry",346,11,$10.00,"['Adobe InDesign', 'Adobe Photoshop', 'Adobe Illustrator', 'Print Layout Design', 'Adobe PDF', 'Microsoft Publisher', 'Microsoft Office']"
187,NA,"Amazing 4K 60fps Software Demos, iOS/Android Promo Vids, Engineer/MBA",NA,NA,NA,"['Video Editing', 'Videography', 'Content Marketing', 'Startup Consulting', 'Audio Editing', 'Project Management', 'Project Planning', 'Adobe Premiere Pro', 'Adobe Audition', 'Camtasia']"
188,$10k+,Software Quality Assurance Engineer/Analyst (Manual and Automated),523,10,$52.00,"['Manual Test Execution', 'Automated Testing', 'Software QA Testing', 'QA Engineering', 'Performance Testing', 'Black Box Testing', 'Selenium WebDriver', 'Java', 'Cucumber', 'C#']"
189,$40k+,Teacher/Writer/Editor/Project Manager/Client Services Specialist/HR,"1,968",36,$50.00,"['Human Resource Management', 'Customer Service', 'Internet Research', 'Writing', 'Instructional Design', 'Project Management', 'Employee Training', 'e-Learning']"
190,$100k+,Venture Capital and Private Equity Specialist,"4,531",58,$70.00,"['Business Modeling', 'Business Planning', 'Microsoft Word', 'Microsoft Excel', 'Microsoft PowerPoint', 'Translation Spanish English', 'Translation English Spanish', 'Translation English Italian', 'Medical Translation', 'Business Consulting']"
191,$20k+,Graphic Designer / Digital Artist,572,31,$60.00,"['Photo Editing', 'Banner Ad Design', 'Photo Retouching', 'Texture Artist', 'Print Layout Design', 'Digital Art', 'Corporate Brand Identity', 'Business Card Design', 'Brochure Design', 'Poster Design']"
192,$10k+,PPC Specialist,411,7,$51.21,"['Google AdWords', 'Bing Ads', 'Google Analytics', 'Social Media Marketing', 'Search Engine Marketing (SEM)', 'Adobe Photoshop', 'Adobe Premiere Pro', 'Adobe Illustrator', 'Audio Postediting', 'Copyediting']"
193,$10k+,"Writer, Journalist, and Storyteller",414,67,$30.00,"['Writing', 'Editing', 'Copywriting', 'Journalism Writing', 'Article Writing', 'Blog Writing', 'Marketing Communications', 'Public Relations']"
194,$7k+,Freelance Writer,241,34,$35.00,"['Creative Writing', 'English Grammar', 'Editing', 'Screenwriting', 'Blog Writing', 'Word Processing', 'WordPress', 'Article Writing', 'Sales', 'Presentations']"
195,$20k+,Embedded SW and HW Engineer,335,7,$105.00,"['Embedded Systems', 'Circuit Design', 'PCB Design', 'Digital Signal Processing', 'Python', 'C', 'C++', 'Hardware Prototyping', 'Bluetooth', 'Internet of Things']"
196,$10k+,Virtual Assistant with Administrative & Transactional Legal Experience,340,7,$43.75,"['Virtual Assistant', 'Microsoft Office', 'Google Docs', 'Calendar Management', 'Email Handling', 'Travel Planning', 'Typing', 'Invoicing', 'Social Media Management']"
197,$10k+,Professional Proposal and Technical Writer,691,4,$55.00,"['Project Management', 'Proposal Writing', 'Sales Writing', 'Technical Writing', 'Copyediting', 'Communications', 'Proofreading']"
198,$10k+,"Certified Quickbooks ProAdvisor, 15+ Years Professional Experience",373,47,$45.00,"['Bookkeeping', 'Accounting', 'Intuit QuickBooks', 'Financial Accounting', 'Payroll Processing', 'Accounts Payable Management', 'Bank Reconciliation', 'Management Consulting', 'Project Management', 'Microsoft Excel']"
199,$80k+,Conversion Copywriter And SEO Organic Traffic Consultant,476,81,$125.00,"['Copywriting', 'Sales Letters', 'Sales Writing', 'Email Marketing', 'Marketing Strategy', 'Search Engine Optimization (SEO)', 'Business Coaching', 'Brand Marketing', 'Conversion Rate Optimization']"
200,$10k+,Preschool & Elementary Instructional Designer Curriculum Specialist,508,4,$60.00,"['Curriculum Development', 'Content Creation', 'Education Technology', 'e-Learning', 'Instructional Design']"
201,$20k+,WordPress Development & Design - Boost Conversions & Engagement,309,21,$80.00,"['Graphic Design', 'Adobe Photoshop', 'Adobe Illustrator', 'Web Design', 'HTML5', 'CSS', 'JavaScript', 'jQuery', 'HTML']"
202,$50k+,Architect | Graphic Designer,"1,412",17,$45.00,"['Rhinoceros 3D', 'Autodesk Revit Architecture', 'SketchUp', 'Adobe Illustrator', 'Adobe Photoshop', 'AutoCAD', 'Logo Design', 'Graphic Design', 'Information Design', 'Construction']"
203,$100k+,"Algorithm Scientist - Machine Learning, Computer Vision, Deep Learning","2,009",29,$98.00,"['Algorithm Development', 'Genetic Algorithms', 'Data Science', 'Machine Learning', 'Artificial Neural Networks', 'Computer Vision', 'Python SciPy', 'TensorFlow', 'Deep Learning', 'Data Analytics']"
204,$80k+,"Looking for a job in customer service, assistant, or voice over work","7,992",4,$10.50,"['Customer Service', 'Customer Support', 'Computer Skills', 'Phone Support', 'Email Handling', 'Email Technical Support', 'Microsoft Excel', 'Microsoft Word', 'Online Help', 'Email Etiquette']"
205,$60k+,Data Analyst and Visualization Consultant,919,21,$75.00,"['FileMaker', 'R', 'Tableau Software', 'Microsoft Excel', 'SQL', 'Microsoft Power BI']"
206,$10k+,Data Scientist,205,18,$100.00,"['R', 'Excel VBA', 'Microsoft Excel', 'Python', 'Data Science']"
207,$70k+,"Former Googler, Senior Digital Marketing Pro",862,9,$99.00,"['Social Media Marketing', 'Social Media Management', 'Content Marketing', 'Content Strategy', 'Search Engine Optimization (SEO)', 'SEO Keyword Research', 'Digital Marketing', 'Marketing Strategy', 'Online Community Management', 'Email Marketing']"
208,$50k+,"Exemplary Researcher, Contact-Sourcer and Email Marketer.","3,258",51,$29.00,"['Email Marketing', 'Database Management', 'Internet Research', 'Google Spreadsheets', 'Virtual Assistant', 'Negotiation', 'Data Entry', 'Research', 'Market Research', 'Social Media Marketing']"
209,$10k+,Virtual Assistant,708,4,$20.00,"['Content Writing', 'Google AdSense', 'Blog Writing', 'Data Entry', 'Microsoft Office', 'Project Scheduling', 'General Office Skills']"
210,$20k+,"food writer, photographer, and recipe developer",363,101,$40.00,"['Online Writing', 'WordPress', 'Creative Writing', 'English', 'English Grammar', 'English Punctuation']"
211,$100k+,false,"10,945",9,$16.67,"['MySQL Programming', 'PhpBB']"
212,$20k+,Expert Copy Editor & Proofreader,584,97,$28.00,"['English', 'Chicago Manual of Style', 'AP Style Writing', 'Academic Writing', 'English Proofreading', 'Editing', 'English Grammar', 'Copyediting', 'English Punctuation', 'Humor Writing']"
213,$10k+,Engineering design and Analysis,385,6,$60.00,"['Manufacturing Design', 'Structural Analysis', 'SolidWorks', 'MathCad', 'PLC Programming', 'Mechanical Engineering']"
214,$10k+,"Business Card, Flyer, Vector, Logo",221,233,$22.00,"['Adobe Photoshop', 'Adobe Illustrator', 'Adobe InDesign']"
215,$500k+,Turning Plans into Profits,"3,599",96,$130.00,"['Startup Consulting', 'Business Planning', 'Financial Forecasting', 'Marketing Strategy', 'Brand Consulting', 'Business Coaching', 'Corporate Strategy', 'Business Modeling', 'Business Writing', 'Management Consulting']"
216,$40k+,Graphic Designer,"1,531",12,$50.00,"['2D Animation', 'Ableton Live', 'Adobe After Effects', 'Adobe Creative Suite', 'Adobe InDesign', 'Adobe Photoshop', 'Adobe Photoshop Lightroom', 'Adobe Premiere Pro', 'Adobe Soundbooth', 'Audacity']"
217,$10k+,Commercial photographer,338,10,$125.00,"['Photography', 'Product Photography', 'Commercial Photography', 'Digital Photography', 'Event Photography', 'Fashion Photography', 'Portrait Photography', 'Wedding Photography']"
218,$30k+,NA,297,47,$75.00,"['Copywriting', 'Creative Writing', 'Advertising', 'Brand Consulting']"
219,$10k+,"Wordpress, Divi and WooCommerce Specialist",661,4,$50.00,"['Adobe Illustrator', 'Adobe InDesign', 'Graphic Design', 'Brand Marketing', 'Logo Design', 'WordPress', 'WordPress e-Commerce', 'Woocommerce', 'Adobe Photoshop', 'Print Layout Design']"
220,$30k+,Certified Salesforce Consultant/Admin | Marketing Expert | Data Junky,395,28,$110.00,"['Marketing Automation', 'Microsoft Excel', 'Microsoft Word', 'HubSpot', 'Salesforce.com', 'Marketing Cloud Administration', 'Data Mining', 'Lead Generation', 'Internet Research']"
221,$60k+,Professional Writer & Editor,"2,131",88,$24.00,"['Creative Writing', 'English Punctuation', 'English', 'Online Writing', 'Microsoft Word', 'Technical Writing', 'Google AdSense']"
222,NA,Creative Marketing Consultant/Public Relations/Copywriter,NA,NA,NA,"['Blog Writing', 'Creative Writing', 'Brand Marketing', 'Public Relations', 'Marketing Strategy', 'Screenwriting', 'Video Production', 'Content Development']"
223,$9k+,Virtual BookKeeper/ QuickBooks ProAdvisor,322,20,$35.00,"['Bookkeeping', 'Accounts Payable Management', 'Accounts Receivable Management', 'Creative Writing', 'Business Writing', 'AP Style Writing', 'Intuit QuickBooks', 'Payroll Processing', 'Transcription', 'Email Handling']"
224,$40k+,Administrative Support Specialist,"2,425",288,$18.00,"['Adobe PDF', 'Microsoft Word', 'Word Processing', 'Microsoft Excel', 'PDF Conversion', 'Microsoft PowerPoint', 'Internet Research', 'Virtual Assistant', 'SurveyMonkey', 'MailChimp']"
225,$10k+,"Professional, Creative Presentations, Spreadsheets, Research",710,27,$21.50,"['Research Papers', 'Internet Research', 'Microsoft PowerPoint', 'Microsoft Excel', 'Business Writing', 'Article Writing', 'Brochure Design']"
226,NA,PPC Enthusiast | Management & Consulting,NA,NA,NA,"['Google AdWords', 'Pay Per Click Advertising', 'Search Engine Marketing (SEM)', 'Google Analytics', 'Bing Ads', 'Yahoo! Search Marketing', 'Google Search API', 'Facebook Marketing', 'Email Marketing', 'Google AdSense']"
227,$300k+,Full stack Developer / Project Manager / Laravel Expert,"6,230",36,$49.00,"['HTML', 'JavaScript', 'MySQL Administration', 'PHP', 'Project Management', 'User Interface Design', 'WordPress', 'AngularJS', 'Ionic Framework', 'Elasticsearch']"
228,$90k+,Social Media Marketing Consultant,"3,802",42,$50.00,"['Social Media Marketing', 'Customer Service', 'Virtual Assistant', 'Data Entry', 'Transcription', 'Editing']"
229,$80k+,Full Stack Developer,"2,914",13,$37.50,"['Java', 'Groovy', 'Grails', 'HTML', 'CSS', 'SQL', 'JavaScript', 'REST']"
230,$9k+,Human Resources and Recuiting,289,4,$28.00,"['Human Resource Management', 'Recruiting', 'Content Writing', 'Resume Writing', 'Payroll Processing', 'Project Management']"
231,$9k+,"Cloud/DevOps Engineer, Python/Django Developer",227,1,$60.00,"['Docker', 'Python', 'Django', 'Amazon Web Services', 'HTML5', 'CSS3', 'Bootstrap', 'Linux System Administration', 'Ansible', 'Automation']"
232,$8k+,admin support,750,3,$10.50,['Administrative Support']
233,$4k+,Multifaceted Recruiter,233,8,$25.00,"['Resume Writing', 'LinkedIn Recruiting', 'Customer Service', 'Sourcing', 'Research', 'Travel Planning', 'Event Planning', 'Interviewing']"
234,$7k+,Skilled English Editor // Proofreader // Copywriter,363,35,$40.00,"['Copyediting', 'Proofreading', 'English Proofreading', 'English Punctuation', 'English Spelling', 'English Grammar', 'Teaching English', 'Resume Writing', 'Cover Letter Writing', 'Typing']"
235,$10k+,DevOps Software Developer,387,2,$40.00,"['Python', 'Python Numpy', 'Django', 'Oracle Database', 'Oracle SOA Suite', 'Oracle WebLogic', 'Pandas', 'MySQL Programming', 'Docker', 'Jenkins']"
236,$40k+,Software Quality Assurance Analyst,"2,333",5,$25.00,"['Manual Test Execution', 'Database Testing', '""Extract, Transform and Load (ETL)""', 'Web Testing', 'Reviews', 'Technical Documentation', 'Software Documentation', 'Software Debugging', 'Root Cause Analysis']"
237,$20k+,Virtual Assistant,"1,434",26,$13.50,"['Microsoft Office', 'Internet Research', 'Applicant Tracking Systems', 'Microsoft Word', 'Microsoft Excel', 'Data Entry']"
238,$20k+,Lead QA,"1,614",1,$21.00,"['Web Testing', 'System Testing', 'Functional Testing', 'Regression Testing', 'Usability Testing', 'Performance Testing', 'Test Case Design', 'Test Management', 'Manual Test Execution', 'Project Delivery']"
239,$6k+,"Administrative, Data Entry, & Spreadsheet Professional",376,5,$25.00,"['Accounting', 'Administrative Support', 'Bookkeeping', 'Communications', 'Customer Service', 'Data Entry', 'Microsoft Excel', 'Process Improvement', 'Virtual Assistant']"
240,$20k+,"(CPA, CFO, Quickbooks Pro, Xero, Financial Statements, Tax)","1,235",39,$55.00,"['Intuit QuickBooks', 'Xero', 'Bookkeeping', 'Accounting', 'Financial Analysis', 'Financial Reporting', 'Bank Reconciliation', 'Tax Preparation']"
241,$20k+,Experienced Graphic Designer,626,35,$37.50,"['Logo Design', 'Brochure Design', 'Business Card Design', 'Banner Ad Design', 'T-Shirt Design']"
242,$20k+,Sr. PCB Layout Engineer,584,1,$85.00,"['PCB Design', 'Altium Designer', 'Field-Programmable Gate Array (FPGA)', 'Digital Electronics', 'Electronic Design', 'Circuit Design', 'Digital Signal Processing', 'Robotics', 'Mechatronics', 'GTK+']"
243,$30k+,"Sales, marketing and strategy pro with corporate & startup experience",374,14,$129.00,"['Product Marketing', 'Product Management', 'Marketing Strategy', 'Corporate Strategy', 'Business Coaching', 'Business Management', 'Business Modeling', 'Business Planning', 'Corporate Communications', 'Corporate Brand Identity']"
244,$40k+,SharePoint Admin/Developer/Architect,748,17,$65.00,"['Microsoft SharePoint Development', 'Microsoft SharePoint Designer', 'Microsoft SharePoint Administration', 'Microsoft Windows Powershell', 'Internet Information Services (IIS)', 'C#', '.NET Framework', 'Microsoft SQL Server Administration', 'SQL', 'Microsoft SQL Server Programming']"
245,$80k+,Web and Desktop Application Developer,"2,504",1,$30.00,"['C++', 'Python', 'PHP', 'Java', 'MySQL Programming', 'JavaScript', 'HTML5', 'R', 'Linux System Administration']"
246,NA,Instructional Design Consultant,NA,NA,NA,"['e-Learning', 'Instructional Design', 'SCORM', 'Moodle', 'Articulate Storyline', 'Web Design', 'Curriculum Development', 'HTML5', 'PHP', 'CSS3']"
247,$3k+,Skilled Video Editor,351,34,$14.00,"['Video Editing', 'Adobe Premiere Pro', 'YouTube Marketing', 'English', 'Video Upload', 'Voice Over', 'Motion Graphics']"
248,$10k+,Payroll and Bookkeeping Professional,"1,080",3,$22.00,"['Payroll Processing', 'Administrative Support', 'Accounts Payable Management', 'HR Benefits', 'Intuit QuickBooks', 'Earth Class Mail', 'Basecamp', 'ADP Workforce Now', 'Bookkeeping']"
249,$10k+,Writer,315,37,$30.00,"['Writing', 'SEO Writing', 'Research Papers', 'Creative Writing', 'News Writing Style', 'Press Release Writing', 'Facebook Marketing', 'Twitter Marketing']"
250,$50k+,Affordable Bookkeeping & Payroll-Quickbooks Expert,"1,829",64,$37.50,"['Accounting', 'Payroll Processing', 'Bookkeeping', 'Intuit QuickBooks', 'Accounts Payable Management', 'Accounts Receivable Management', 'Job Costing', 'Tax Preparation', 'Human Resource Management', 'Microsoft Word']"
251,$20k+,"Digital Artist, Animator, Game Developer",736,34,$27.00,"['Adobe Photoshop', 'Unity', 'Adobe Illustrator', 'Game Design', 'Game Development', '2D Animation', '3D Animation', 'Level Design', 'Logo Design', 'Digital Painting']"
252,$20k+,VBA developer,521,58,$70.00,"['Excel VBA', 'VBA', 'Automation', 'Microsoft Access Programming', 'R', 'Data Analytics', 'Data Science', 'Microsoft Excel', 'Microsoft Office', 'Data Migration']"
253,$10k+,Virtual Assistant,709,3,$28.00,"['Microsoft Word', 'Microsoft Office', 'Microsoft PowerPoint', 'Adobe Photoshop', 'Adobe InDesign', 'Adobe Audition', 'Project Management', 'Travel Planning', 'Blog Writing']"
254,$30k+,Fillable PDF Forms Designer Expert,976,368,$24.00,"['Adobe Acrobat', 'Adobe LiveCycle Designer', 'Adobe InDesign', 'Computer Skills', 'Time Management', 'Microsoft Word', 'Microsoft Office']"
255,NA,Skin Care/Dermatology/Product Expert,NA,NA,NA,"['Content Writing', 'Medical Writing', 'Brand Consulting', 'Medical Illustration', 'Creative Writing', 'Startup Consulting', 'Editorial Writing', 'Product Descriptions', 'Search Engine Optimization (SEO)', 'Website Development']"
256,NA,Top Rated Project Manager and Virtual Assistant,NA,NA,NA,"['Advertising', 'Brand Consulting', 'MailChimp', 'Public Relations', 'Social Media Marketing', 'Administrative Support', 'Content Moderation', 'Customer Service', 'Event Planning', 'Microsoft Office']"
257,$10k+,Art Director & Graphic Designer,255,9,$90.00,"['Graphic Design', 'Adobe InDesign', 'Adobe Photoshop', 'Adobe Illustrator', 'Adobe Acrobat', 'Photo Retouching', 'Photo Manipulation', 'Logo Design', 'Copywriting', 'Copyediting']"
258,$50k+,Expert Customer Service & Project Manager,"2,531",9,$20.00,"['Microsoft Word', 'Microsoft Excel', 'Microsoft Outlook', 'Sales', 'Customer Service', 'Virtual Assistant']"
259,$5k+,"Writing, Editing, Superior Admin/Customer Support!",283,6,$16.00,"['Writing', 'Editing', 'Content Writing', 'Online Writing', 'Copywriting', 'Administrative Support', 'Resume Writing', 'Report Writing', 'Creative Writing', 'Business Writing']"
260,$7k+,"Organized, Time-Efficient Project Manager/Admin",390,7,$25.00,"['Legal Translation', 'Administrative Support', 'Project Planning', 'Editing', 'Customer Service', 'Project Management', 'Data Entry', 'Resume Writing', 'Social Media Management', 'Instagram Marketing']"
261,$40k+,Blockchain/Cryptocurrency Writer ||| ICO Advisor & Consultant,454,22,$125.00,"['White Paper Writing', 'ICO Marketing', 'Content Writing', 'Blockchain', 'ICO', 'Copywriting', 'Cryptocurrency', 'Blog Writing', 'Technical Writing', 'Social Media Management']"
262,$8k+,Executive Assistant / CS Manager / HR / Property Management,328,3,$29.00,"['Executive Assistant', 'Bookkeeping', 'Inventory Management', 'Customer Service', 'Payroll Processing', 'Data Entry', 'Project Scheduling', 'Administrative Support']"
263,$3k+,Paperwork Demolisher,249,4,$15.00,"['Microsoft Word', 'Microsoft Excel', 'Microsoft PowerPoint']"
264,$8k+,Experienced Bookkeeper with over 15 years Quickbooks Experience,226,9,$40.00,"['Bookkeeping', 'Payroll Processing', 'Accounts Payable Management', 'Accounts Receivable Management', 'Bank Reconciliation']"
265,$6k+,Accounts Receivable/Invoice Clerk,431,1,$20.00,"['Microsoft Office', 'Microsoft Word', 'Microsoft Excel', 'Data Entry', 'Accounts Receivable Management', 'Sage 50 Accounting', 'Intuit QuickBooks', 'Customer Service', 'Customer Support', 'Invoice Processing']"
266,$3k+,Virtual Assistant,241,1,$12.00,"['Microsoft Word', 'Microsoft Excel', 'Research', 'Customer Service', 'Editing']"
267,$40k+,Doctorate Health Education and Promotion. MA in Social Work.,623,6,$65.00,"['Academic Writing', 'Curriculum Development', 'Public Health', 'Research', 'Virtual Assistant', 'Writing', 'Instructional Design']"
268,$30k+,Egypt consultant,316,1,$100.00,"['International Development', 'Media Relations', 'Arabic']"
269,$8k+,Web Application Developer,280,3,$45.00,"['React.js', 'Node.js', 'JavaScript', 'Redux Framework', 'Redux for JavaScript', 'MongoDB', 'HTML5', 'HTML', 'CSS3']"
270,$20k+,Full Stack Web/App Developer(ReactJS/ASP.NET/Angulrar/Python/Node.JS),363,16,$70.00,"['Swift', 'iOS Development', 'React Native', 'Node.js', 'React.js', 'ASP.NET', 'PHP', 'AngularJS', 'Python', 'C#']"
271,$20k+,Executive Assistant,"1,293",3,$18.75,"['Microsoft Office 365', 'Email Handling', 'Administrative Support', 'Social Media Marketing', 'Social Customer Service', 'Bookkeeping', 'Data Entry']"
272,$4k+,Legal Assistant (Litigation)/ Technical Assistant / Data Management,277,1,$27.00,"['Legal Assistance', 'Microsoft Excel', 'Database Administration', 'Data Entry', 'Technical Writing', 'Internet Research', 'Administrative Support', 'Customer Support', 'English Proofreading', 'Geographic Information System (GIS)']"
273,$20k+,Grammar & Editing Specialist,"1,503",2,$14.00,"['Adobe Flash', 'Windows Media Connect', 'Excel VBA', 'Translation French Portuguese']"
274,$10k+,Virtual Assistant/Office Manager/Customer Service,493,2,$25.00,"['Microsoft Office', 'Microsoft Outlook', 'Calendar Management', 'AppFolio', 'HIPAA', 'Customer Service', 'Writing', 'Email Handling', 'Project Scheduling', 'Bookkeeping']"
275,$20k+,"PHP, WordPress, Shopify, Javascript, Python, Blockchain Engineer",459,9,$79.99,"['PHP', 'WordPress', 'Shopify', 'JavaScript', 'Node.js', 'React.js', 'Python', 'Blockchain', 'Smart Contracts', 'Solidity']"
276,$50k+,Scientific Consultant,266,2,$200.00,"['Machine Learning', 'Data Science', 'Algorithms', 'Mathematics', 'Analytics', 'Natural Language Processing', 'Statistics']"
277,$10k+,Operations / Administrative Assistant,800,2,$25.00,"['Customer Support', 'Social Media Marketing', 'Event Planning', 'Microsoft Office', 'Email Handling', 'Presentations']"
278,$4k+,"Copy Editor, Proofreader and Writer (AP style)",280,7,$30.00,"['AP Style Writing', 'Press Release Writing', 'News Writing Style', 'Story Editing', 'Short Story Writing', 'Copyediting', 'Proofreading']"
279,$20k+,"Senior Mobile Developer - iOS, Android, React Native, Ionic, Node.",383,11,$75.00,"['Swift', 'Objective-C', 'Java', 'HTML5', 'CSS', 'Mobile App Development', 'iOS Development', 'Android App Development', 'React Native', 'Ionic Framework']"
280,$50k+,Experienced Virtual Admin & Online Marketing Specialist,"2,200",12,$50.00,"['WordPress', 'Social Media Management', 'Content Writing', 'Internet Research', 'Internet Marketing', 'Email Marketing', 'Project Management', 'InfusionSoft Marketing', 'Landing Pages', 'Virtual Assistant']"
281,$6k+,Art Director,266,5,$45.00,"['Art Direction', 'Graphic Design', 'Adobe Creative Suite', 'Creative Writing', 'Copywriting', 'Photography', 'Photo Retouching', 'Marketing Strategy']"
282,$20k+,Audio Engineer / Podcast Producer,"1,989",26,$40.00,"['Audio Restoration', 'Audio Production', 'Audio Editing', 'Musical Composition', 'Music Producing', 'Audio Mixing', 'Audio Design', 'Customer Support', 'Customer Service', 'Social Media Optimization (SMO)']"
283,NA,"Expert developer, copywriter, designer, InfusionSoft , Leadpages",NA,NA,NA,"['Adobe Photoshop', 'WordPress', 'HTML', 'InfusionSoft Marketing', 'Adobe InDesign', 'CSS', 'PHP', 'Lead Generation', 'Inbound Marketing', 'Facebook Marketing']"
284,$20k+,"Health, exercise and nutrition synthesized for you",569,68,$37.50,"['English', 'Microsoft PowerPoint', 'Online Writing']"
285,$200k+,Full Charge Bookkeeper & Administrative Assistant,"14,162",28,$30.00,"['Accounting', 'Accounts Payable Management', 'Accounts Receivable Management', 'Administrative Support', 'Sassu', 'Intuit QuickBooks', 'Bank Reconciliation', 'Bookkeeping', 'Virtual Assistant', 'Project Management']"
286,$10k+,Transcription Specialist,342,118,$25.00,"['Microsoft Excel', 'Data Entry', 'Internet Research', 'Transcription']"
287,$90k+,Intuitive Content Marketing and Graphic Design For Your Business,"3,467",28,$50.00,"['Graphic Design', 'Adobe Photoshop', 'Photo Editing', 'Web Design', 'Banner Ads', 'Banner Ad Design', 'Infographics', 'Logo Design', 'Print Design', 'Corporate Brand Identity']"
288,$8k+,"Experienced CPA, Accountant, Quickbooks, Xero and Tax",233,22,$30.00,"['Intuit QuickBooks', 'Microsoft Excel', 'Accounting', 'Tax Preparation', 'Business Analysis', 'Xero']"
289,$100k+,Expert WordPress Web & Graphic Design Marketing Professional.,NA,NA,$93.75,[]
290,$8k+,Collaborative Content Specialist,260,7,$30.00,"['Microsoft Office', 'Photography', 'Research', 'Process Improvement', 'Voice Talent', 'Survey Design', 'SurveyMonkey', 'Business Planning', 'Marketing Management', 'Key Account Management']"
291,$8k+,English - Korean Translator & Editor,636,8,$10.00,"['Translation', 'Translation English Korean']"
292,$20k+,"Transcriptionist, Medical Billing, Data Entry","1,793",46,$13.75,[]
293,$20k+,Digital Marketer,"1,271",9,$40.00,"['Copywriting', 'Search Engine Optimization (SEO)', 'WordPress', 'Email Marketing', 'Content Marketing', 'Marketing Strategy', 'Marketing Research', 'Social Media Marketing', 'Translation Spanish English']"
294,$40k+,Writer and Editor,"1,155",10,$50.00,"['Writing', 'Editing', 'Website Development']"
295,NA,eMail Marketing Specialist,NA,NA,NA,"['Email Marketing', 'HTML', 'Graphic Design', 'Banner Ads', 'Banner Ad Design', 'Data Analytics', 'Salesforce.com', 'Marketing Cloud Marketing', 'MailChimp', 'Automation']"
296,$5k+,Experienced Executive & Virtual Assistant,253,3,$35.00,"['Calendar Management', 'Appointment Setting', 'Travel Planning', 'Internet Research', 'Customer Service', 'Social Media Management', 'Data Entry', 'Email Handling', 'Event Management', 'CRM']"
297,NA,Chief Talent Officer,NA,NA,NA,"['Recruiting', 'Business Writing', 'Business Coaching', 'Human Resource Management', 'Human Resource Information Systems']"
298,$30k+,Illustrator,762,97,$27.78,"['Illustration', 'Digital Painting', 'Drawing', 'Caricature Drawing', 'Adobe Photoshop']"
299,$10k+,NA,563,52,$40.00,"['Cisco ASA', 'Cisco IOS', 'Cisco PIX', 'Cisco Routers', 'Joomla', 'Content Management', 'Web Design', 'Cisco CallManager', 'Cisco Certified Network Professional (CCNP)']"
300,$6k+,Retail Fashion Business Consultant,263,9,$30.00,"['Data Entry', 'Social Media Management', 'Email Etiquette', 'Virtual Assistant', 'CRM', 'Customer Service', 'Adobe Photoshop', 'Etsy Administration', 'Amazon Webstore', 'Transcription']"
301,$30k+,Data Science Professional,808,17,$95.00,"['Microsoft SQL SSAS', 'Microsoft SQL SSRS', 'Microsoft Power BI', 'SQL Server Integration Services (SSIS)', 'SQL Programming', 'Microsoft Excel PowerPivot', 'Microsoft Excel']"
302,$30k+,Expert Web and App Developer,351,19,$70.00,"['Swift', 'JavaScript', 'PHP', 'Unity', 'WordPress', 'Objective-C', 'HTML5', 'AngularJS', 'AWS Lambda', 'Java']"
303,NA,Experienced Digital Marketing and Advertising Manager,NA,NA,NA,"['Advertising', 'Social Media Marketing', 'Digital Media', 'B2B Marketing', 'Marketing Strategy', 'Facebook Marketing', 'Account Management', 'Customer Service', 'Campaign Management', 'Google AdWords']"
304,$200k+,C#/.NET Core/Java/Angular/SQL,"4,102",14,$95.00,"['Java', 'C#', '.NET Framework', 'Big Data', 'Microsoft SQL Server Programming', 'NoSQL', 'Apache Kafka', 'Delphi', 'Spring Framework', 'AngularJS']"
305,$300k+,Professional Excel VBA Developer,"13,441",36,$27.78,"['VBA', 'Microsoft Excel', 'PDF Conversion', 'Microsoft Word', 'Spreadsheets', 'Data Scraping', 'Data Analytics', 'Visual Basic', 'Yahoo! Store']"
306,$20k+,Experienced CPA,240,37,$70.00,"['Financial Forecasting', 'Accounting', 'Cost Accounting', 'Job Costing', 'Financial Modeling', 'Financial Analysis', 'Budgeting & Forecasting', 'Bookkeeping', 'Financial Management']"
307,$40k+,Freelancer,"1,958",4,$20.00,[]
308,$20k+,Business and Leisure Travel Planning / Retreat Venue Planning,911,32,$38.00,"['Travel Planning', 'Travel Agent', 'Virtual Assistant', 'Internet Research', 'Italian', 'Microsoft Office', 'CRM', 'Project Management']"
309,$80k+,Graphic Designer,"2,485",38,$30.00,"['Graphic Design', 'Logo Design', 'Poster Design', 'Arts & Crafts']"
310,$40k+,Retail sales/ Construction Estimator/ Internet Search,"2,305",1,$25.00,[]
311,$40k+,Administrative Director | Team Lead | Research Expert | Data Entry,"2,179",7,$25.00,"['Computer Skills', 'Email Handling', 'Organizational Behavior', 'Time Management', 'Data Entry', 'Records Management', 'Travel Planning', 'Telephone Handling', 'Order Processing', 'Document Review']"
312,$7k+,Virtual Assistant/ Marketing Professional,285,7,$25.00,"['Administrative Support', 'Executive Assistant', 'Project Management', 'Customer Support', 'Sales', 'Writing', 'Blog Writing', 'Digital Media', 'Calendar Management', 'Travel Planning']"
313,$90k+,Inside Sales Rep,"2,078",2,$28.00,['Excel VBA']
314,$10k+,"Expert Project Manager, Product Manager","1,623",6,$25.00,"['Project Management Professional', 'Project Management', 'Event Planning', 'Administrative Support', 'Customer Service', 'Email Handling', 'Customer Support', 'Virtual Assistant']"
315,$10k+,Expert WordPress Developer & Bookkeeper,802,6,$30.00,"['WordPress', 'MODX', 'WiX', 'Microsoft Excel', 'Accounting', 'Bookkeeping', 'Financial Analysis', 'Microsoft Word', 'Computer Skills', 'Search Engine Optimization (SEO)']"
316,$100k+,"Expert nonfiction children's writing, copy editing, proofing, & layout","1,130",231,$45.00,['English']
317,NA,Certified Professional in Big Data and Data Science,NA,NA,NA,"['Hadoop', 'Apache Spark', 'MapReduce', 'Big Data', 'Machine Learning', 'Data Analytics', 'Android App Development', 'Data Warehousing', 'Data Science']"
318,$10k+,Japanese-English Translator,513,56,$25.00,['Translation English Japanese']
319,$70k+,Freelance Writer and Marketing Specialist,335,30,$100.00,"['Copywriting', 'Content Writing', 'Marketing Strategy', 'Social Media Marketing', 'Freelance Marketing', 'B2B Marketing', 'Email Marketing', 'Press Release Writing', 'White Paper Writing', 'Internet Marketing']"
320,$40k+,Dental Insurance/Billing/Administrative Assistant,"3,749",4,$18.00,"['Dental Technology', 'Insurance Consulting']"
321,NA,Video Editor and Animator,NA,NA,NA,"['Adobe Premiere Pro', 'Adobe After Effects', 'Adobe Audition', 'Video Editing', 'Audio Editing', 'Audio Mixing', 'Videography', 'Transcription']"
322,NA,"Professional Video Editor, Colorist, and Animator",NA,NA,NA,"['Editing', 'Adobe Premiere Pro', 'Adobe After Effects', 'Final Cut Pro', 'DaVinci Resolve']"
323,$10k+,Editor and Proofreader,341,37,$20.00,"['Instructional Design', 'WordPress', 'Web Design', 'Graphic Design', 'English', 'English Proofreading', 'Microsoft Office', 'Microsoft PowerPoint', 'Ghostwriting', 'eBooks']"
324,$7k+,Project/Asset Accountant Data Analyst,673,14,$18.00,"['Quantitative Analysis', 'Cost Accounting', 'Accounting', 'Accounts Payable Management', 'Microsoft Excel', 'Microsoft Word', 'Data Entry', 'Data Scraping', 'Blog Writing']"
325,$40k+,Virtual Assistant - Your Administrative Support Solution,"2,172",7,$20.00,"['Virtual Assistant', 'Transcription', 'Data Entry', 'Microsoft Word', 'Microsoft Excel', 'Email Marketing', 'Typing', 'Calendar Management', 'Email Handling']"
326,$60k+,Founder/Social Media Manager,"1,568",6,$25.00,"['Social Networking Development', 'Social Network Administration', 'Brand Marketing', 'Blog Writing', 'Blog Commenting', 'Blog Development', 'Social Media Marketing', 'Social Media Management', 'Social Media Optimization (SMO)']"
327,$30k+,Content is Cash,288,357,$31.25,[]
328,NA,NA,NA,NA,NA,"['iOS Development', 'Swift', 'Objective-C', 'iPhone App Development', 'iPad App Development', 'Android App Development', 'CoreData', 'REST', 'Apple UIKit Framework', 'Git']"
329,$10k+,Healthcare Software Development,308,11,$100.00,"['Ruby on Rails', 'Project Management', 'Trello', 'Atlassian JIRA', 'WordPress', 'HTML', 'CSS', 'Sass', 'Twitter Bootstrap']"
330,$30k+,SEO Specialist | Kw Research | Content Marketing,"2,560",34,$35.00,"['SEOMoz', 'Link Building', 'Social Media Marketing', 'Internet Marketing', 'WordPress', 'English Spelling', 'Google Analytics', 'Google AdWords']"
331,NA,"Marketing Analytics Consultant | Reporting, Analysis, and Optimization",NA,NA,NA,"['Google Analytics', 'Adobe Analytics', 'SQL', 'Tableau Software', 'Data Visualization', 'A/B Testing', 'Business Intelligence', 'Marketing Strategy', 'Optimizely', 'Conversion Rate Optimization']"
332,$20k+,Internet Researcher with Paralegal Degree,"2,848",79,$10.00,"['Paralegal Services', 'Research', 'Internet Research', 'Data Entry', 'Typing', 'Email Etiquette']"
333,$20k+,"Writer, Editor, Designer, and General Go-To Girl",346,117,$35.00,"['Typesetting', 'Proofreading', 'Copyediting', 'Adobe InDesign', 'Print Layout Design', 'Graphic Design', 'Print Design', 'Microsoft PowerPoint', 'Adobe Illustrator', 'Ghostwriting']"
334,$6k+,Front End Wordpress Developer,287,15,$25.00,"['HTML', 'CSS', 'JavaScript', 'PHP', 'WordPress', 'Responsive Web Design', 'Woocommerce', 'Search Engine Optimization (SEO)', 'Accessibility']"
335,$20k+,Experienced HSE Professional,278,38,$50.00,"['Report Writing', 'Business Writing', 'Occupational Health', 'Environmental Science', 'Content Writing']"
336,$6k+,Administrative Professional,381,25,$25.00,"['Social Media Marketing', 'Social Media Management', 'MailChimp', 'Business Writing', 'English', 'Computer Skills', 'Customer Service', 'General Office Skills', 'Microsoft Office', 'Data Entry']"
337,$40k+,"Digital Design Vendor for Web Dev, Email, Social Media, Sharepoint",967,46,$45.00,"['WordPress', 'MailChimp', 'Adobe Photoshop', 'Microsoft PowerPoint', 'Social Media Marketing', 'Email Marketing', 'Video Production', 'SquareSpace', 'Responsive Web Design', 'Microsoft SharePoint Designer']"
338,$80k+,J.D. / Business Admin / QuickBooks Certified ProAdvisor,"4,460",42,$39.50,"['Intuit QuickBooks', 'Wordperfect', 'Bookkeeping', 'Payroll Processing', 'Proofreading', 'Transcription', 'Legal Writing', 'Paralegal Services']"
339,NA,Videographer and editor,NA,NA,NA,"['Video Editing', 'Video Production', 'Photography', 'Web Design', 'Sound Design']"
340,$20k+,Small Business Marketing Specialist,306,3,$65.00,"['Social Media Management', 'Social Media Optimization (SMO)', 'Social Media Marketing', 'Corporate Social Responsibility (CSR)', 'Content Marketing', 'Content Strategy', 'Content Creation', 'Marketing Strategy', 'B2B Marketing', 'Marketing Management']"
341,$10k+,"Project Coordinator, Voice Actress, Graphic Designer, VA, etc.",827,10,$30.00,"['Microsoft Office', 'Customer Service', 'Social Media Marketing', 'Apple iMovie', 'Presentations', 'Video Production', 'Organizational Development', 'Email Handling', 'Virtual Assistant', 'Graphic Design']"
342,$10k+,Design | Web Development | Email Development,356,97,$60.00,"['Web Design', 'Adobe Photoshop', 'Photography', 'HTML', 'MailChimp', 'CSS', 'Adobe Illustrator', 'WordPress', 'HTML5', 'Ecommerce Platform Development']"
343,$10k+,"Comic Book Artist, Web Developer",401,16,$35.00,"['Comic Art', 'Book Cover Design', 'Cover Design', 'WordPress', 'HTML', 'HTML5', 'PHP', 'Website Development', 'Web Design']"
344,$8k+,Virtual Assistant and Marketing Specialist,398,8,$28.00,"['Social Media Marketing', 'Market Research', 'Administrative Support', 'Customer Service', 'Spanish', 'Project Management', 'Marketing Strategy', 'Public Relations', 'Blog Writing', 'Newsletter Writing']"
345,$5k+,Social Media Marketer,354,19,$15.00,"['Instagram Marketing', 'Facebook Marketing', 'Twitter Marketing', 'Pinterest Marketing', 'Content Writing']"
346,$70k+,"Award Winning Graphic Design - books, web, print, retouching","1,402",157,$40.00,"['Print Layout Design', 'eBook Design', 'Graphic Design', 'Print Advertising', 'Book Cover Design', 'Brochure Design', 'Photo Retouching', 'Print Design', 'Marketing Strategy', 'Adobe Photoshop']"
347,$20k+,MemberGate Virtual Assistant,430,13,$60.00,"['Web Design', 'Virtual Assistant']"
348,$40k+,"Graphic Designer Specializing in Books, Ads, and More","1,291",130,$31.25,"['Adobe Photoshop', 'Adobe InDesign', 'Adobe Illustrator']"
349,$60k+,Design Superhero,"1,138",229,$35.00,"['Graphic Design', 'Adobe Photoshop', 'Adobe Illustrator', 'Corporate Brand Identity', 'Logo Design', 'Brand Marketing', 'Responsive Web Design', 'Social Media Marketing', 'Social Media Management', 'Brochure Design']"
350,,,,,,"['', '', '', '', '']"
